{
    "tloss": [
        2.150122880935669,
        0.7097069025039673,
        0.6566097736358643,
        0.5961815714836121,
        0.5744583010673523,
        0.5225323438644409,
        0.5000537037849426,
        0.4964234530925751,
        0.47934672236442566,
        0.45372462272644043,
        0.43220171332359314,
        0.4423798620700836,
        0.4312607944011688,
        0.41515785455703735,
        0.40678954124450684,
        0.41581207513809204,
        0.4011213481426239,
        0.4079330861568451,
        0.38308852910995483,
        0.38567209243774414,
        0.39096227288246155,
        0.3857443630695343,
        0.37798258662223816,
        0.37757983803749084,
        0.3753856420516968,
        0.3679502010345459,
        0.37784692645072937,
        0.3614456057548523,
        0.3619430959224701,
        0.36554017663002014,
        0.36083367466926575,
        0.36328521370887756,
        0.36833930015563965,
        0.3577795922756195,
        0.3534305989742279,
        0.34259530901908875,
        0.3485478162765503,
        0.35055267810821533,
        0.337897926568985,
        0.3440138101577759,
        0.33710047602653503,
        0.3448755741119385,
        0.347552090883255,
        0.34122490882873535,
        0.3407425582408905,
        0.33527812361717224,
        0.3350634276866913,
        0.3344850242137909,
        0.3383065164089203,
        0.3369799554347992
    ],
    "vloss": [
        0.8153239488601685,
        0.6833369135856628,
        0.6360548734664917,
        0.5689803957939148,
        0.5129584074020386,
        0.5106686949729919,
        0.5187549591064453,
        0.4798688590526581,
        0.44391050934791565,
        0.4553077816963196,
        0.4303831160068512,
        0.4301682412624359,
        0.41364845633506775,
        0.4359379708766937,
        0.4127518832683563,
        0.41627588868141174,
        0.40839824080467224,
        0.4079539477825165,
        0.4142846167087555,
        0.3951137363910675,
        0.3803721070289612,
        0.3707970082759857,
        0.3862627148628235,
        0.386106938123703,
        0.36317238211631775,
        0.3685269057750702,
        0.355867475271225,
        0.3643885552883148,
        0.3702939748764038,
        0.35441064834594727,
        0.36857953667640686,
        0.3506471812725067,
        0.3638879060745239,
        0.3419121205806732,
        0.3433991074562073,
        0.33773985505104065,
        0.34670278429985046,
        0.35615086555480957,
        0.34672531485557556,
        0.3460341989994049,
        0.3562158942222595,
        0.34729287028312683,
        0.3486752212047577,
        0.3391070067882538,
        0.34659457206726074,
        0.3399096429347992,
        0.3349948525428772,
        0.34725040197372437,
        0.3283421993255615,
        0.3454459309577942
    ],
    "tgloss": [
        2.2180588245391846,
        1.0072088241577148,
        0.889829158782959,
        0.8981954455375671,
        0.7985017895698547,
        0.7994495034217834,
        0.7728294730186462,
        0.727887749671936,
        0.6725842356681824,
        0.690069854259491,
        0.6594090461730957,
        0.6716782450675964,
        0.6183461546897888,
        0.6381040215492249,
        0.6489734053611755,
        0.664081335067749,
        0.6614481210708618,
        0.6387612223625183,
        0.6649016737937927,
        0.6534654498100281,
        0.6179159283638,
        0.616684079170227,
        0.6448351740837097,
        0.5875725150108337,
        0.6264927387237549,
        0.6239714026451111,
        0.6336802244186401,
        0.6199008822441101,
        0.5900325179100037,
        0.624229371547699,
        0.6200494766235352,
        0.6129827499389648,
        0.5887344479560852,
        0.5995382070541382,
        0.6169193983078003,
        0.6125006675720215,
        0.6145319938659668,
        0.5989229679107666,
        0.6336098909378052,
        0.5844740271568298,
        0.6104249954223633,
        0.6102135181427002,
        0.5812103152275085,
        0.6153988838195801,
        0.59405916929245,
        0.589164674282074,
        0.6083959937095642,
        0.6100994348526001,
        0.5809937715530396,
        0.5948483347892761
    ],
    "vgloss": [
        1.0392754077911377,
        0.9398561716079712,
        0.8408023118972778,
        0.7880321145057678,
        0.7933011651039124,
        0.7589341998100281,
        0.7787938714027405,
        0.7405487895011902,
        0.7059707641601562,
        0.6809987425804138,
        0.6761519908905029,
        0.612234354019165,
        0.6706660985946655,
        0.6196891665458679,
        0.609521210193634,
        0.6560751795768738,
        0.5803295969963074,
        0.6352026462554932,
        0.6009378433227539,
        0.6083900928497314,
        0.6591105461120605,
        0.6412498950958252,
        0.5571836233139038,
        0.576792299747467,
        0.5963901281356812,
        0.5169219374656677,
        0.6345190405845642,
        0.676474392414093,
        0.6078880429267883,
        0.6041281819343567,
        0.6123693585395813,
        0.5634525418281555,
        0.6206231713294983,
        0.5726634860038757,
        0.5941343903541565,
        0.6515551209449768,
        0.5686943531036377,
        0.6546517014503479,
        0.591674268245697,
        0.6356223821640015,
        0.6045753359794617,
        0.5758741497993469,
        0.6079174280166626,
        0.567349910736084,
        0.5598987936973572,
        0.5428304076194763,
        0.5399291515350342,
        0.6364254355430603,
        0.5855830311775208,
        0.5809363722801208
    ],
    "epoch": "49 / 50",
    "model": "./Saved_Models_Datasets/ocean/oceanGCN.pt",
    "mcfg": {
        "input_dim": 2,
        "hidden_dim": 64,
        "hidden_dim_2": 32,
        "output_dim": 2,
        "num_heads": 4,
        "gcn_dim": 64,
        "rel_dim": 32,
        "train_dim": 128,
        "model_type": "oceanGCN"
    },
    "dcfg": {
        "nodes": 100,
        "timesteps": 100,
        "groups": 4,
        "min_groups": 4,
        "mixed": false,
        "perlin_offset_amt": 0.75,
        "noise_scale": 0.75,
        "noise_strength": 0.2,
        "tilt_strength": 0.25,
        "std_dev": 1,
        "boundary": 3,
        "distance_threshold": 1,
        "hops": 2,
        "anchor_node_ratio": 0.2,
        "dir_path": "./Saved_Models_Datasets/ocean/",
        "dataset_name": "ocean_anchor_100t_100n_3b",
        "dataset_loader": "oceanDataset",
        "train_path": "./Saved_Models_Datasets/ocean/ocean_anchor_100t_100n_3b_train.pt",
        "val_path": "./Saved_Models_Datasets/ocean/ocean_anchor_100t_100n_3b_val.pt",
        "adj_path": "./Saved_Models_Datasets/ocean/ocean_anchor_100t_100n_3b_adj.pt",
        "pos_path": "./Saved_Models_Datasets/ocean/ocean_anchor_100t_100n_3b_pos.pt"
    },
    "tcfg": {
        "batch_size": 1,
        "epochs": 50,
        "samples": 100,
        "temp": 0.1,
        "learning_rate": 0.001,
        "model_name_pt": "oceanGCN.pt",
        "demo": false,
        "val_split": 0.2,
        "log_folder_path": "./Saved_Models_Datasets/training_logs/",
        "anchor_only": true,
        "log_path": "./Saved_Models_Datasets/training_logs/training_stats_oceanGCN.json",
        "model_save": "./Saved_Models_Datasets/ocean/oceanGCN.pt"
    }
}