{
    "tloss": [
        1.774601936340332,
        0.3352023661136627,
        0.25535473227500916,
        0.21848861873149872,
        0.19393393397331238,
        0.17588835954666138,
        0.17403988540172577,
        0.1675371378660202,
        0.1537870466709137,
        0.149490624666214,
        0.13944530487060547,
        0.1350649744272232,
        0.1342170685529709,
        0.1399320811033249,
        0.12602205574512482,
        0.12779629230499268,
        0.12390781939029694,
        0.12331642210483551,
        0.120468869805336,
        0.12354228645563126,
        0.12779362499713898,
        0.11732412874698639,
        0.11520721763372421,
        0.12052694708108902,
        0.11610262840986252,
        0.11523347347974777,
        0.1277833878993988,
        0.11959792673587799,
        0.11509257555007935,
        0.17177234590053558,
        0.14004041254520416,
        0.12364715337753296,
        0.11683433502912521,
        0.11064260452985764,
        0.10868527740240097,
        0.10511871427297592,
        0.10191400349140167,
        0.09961496293544769,
        0.1010696291923523,
        0.10297597944736481,
        0.09900575131177902,
        0.09953136742115021,
        0.09555500000715256,
        0.09202492237091064,
        0.0970616564154625,
        0.09480693936347961,
        0.08929426223039627,
        0.09237024188041687,
        0.08869720250368118,
        0.08912202715873718
    ],
    "vloss": [
        0.4686785638332367,
        0.2651950418949127,
        0.21893472969532013,
        0.200463205575943,
        0.187491312623024,
        0.19216394424438477,
        0.15960755944252014,
        0.1636388599872589,
        0.1574733704328537,
        0.1432245969772339,
        0.14620986580848694,
        0.13023905456066132,
        0.13279640674591064,
        0.1419442892074585,
        0.12235162407159805,
        0.1268131583929062,
        0.13215379416942596,
        0.1155952736735344,
        0.11321675777435303,
        0.12347487360239029,
        0.11724694818258286,
        0.1086832657456398,
        0.12647473812103271,
        0.11800605058670044,
        0.11555343866348267,
        0.12016867846250534,
        0.10759532451629639,
        0.11565517634153366,
        0.12635663151741028,
        0.14766821265220642,
        0.1385820358991623,
        0.12184367328882217,
        0.10869091749191284,
        0.11812800168991089,
        0.10870647430419922,
        0.10263925790786743,
        0.10252755135297775,
        0.0990578755736351,
        0.09120603650808334,
        0.09880463778972626,
        0.10208182781934738,
        0.09595523029565811,
        0.09080609679222107,
        0.0915556475520134,
        0.0921202301979065,
        0.089886374771595,
        0.09179256856441498,
        0.08700581640005112,
        0.08527003973722458,
        0.09136752039194107
    ],
    "tgloss": [
        1.8000372648239136,
        0.5972864627838135,
        0.5454351305961609,
        0.5174893140792847,
        0.4720076024532318,
        0.4376369118690491,
        0.4219800531864166,
        0.42115020751953125,
        0.40428176522254944,
        0.37543877959251404,
        0.4030047357082367,
        0.3500059247016907,
        0.34638094902038574,
        0.3724062144756317,
        0.34972476959228516,
        0.32999563217163086,
        0.350394606590271,
        0.33538269996643066,
        0.34397420287132263,
        0.3474443852901459,
        0.37692999839782715,
        0.35845404863357544,
        0.32510876655578613,
        0.3412337601184845,
        0.3992367088794708,
        0.35961827635765076,
        0.3809303939342499,
        0.3359253704547882,
        0.4248789846897125,
        0.559792697429657,
        0.5579426884651184,
        0.5356928706169128,
        0.48616811633110046,
        0.4135572612285614,
        0.40420183539390564,
        0.4037903845310211,
        0.43231940269470215,
        0.40733838081359863,
        0.3841205835342407,
        0.44807741045951843,
        0.37593144178390503,
        0.41491085290908813,
        0.41873136162757874,
        0.3650759160518646,
        0.33858007192611694,
        0.38112252950668335,
        0.3790867030620575,
        0.392858624458313,
        0.36368808150291443,
        0.34312060475349426
    ],
    "vgloss": [
        0.6052679419517517,
        0.475180447101593,
        0.4743269085884094,
        0.5297291278839111,
        0.5211086273193359,
        0.44742056727409363,
        0.4377758204936981,
        0.45259904861450195,
        0.37934252619743347,
        0.37314125895500183,
        0.3541564643383026,
        0.28793320059776306,
        0.3360011875629425,
        0.31790614128112793,
        0.3189782202243805,
        0.34354549646377563,
        0.3508128523826599,
        0.32684430480003357,
        0.34288930892944336,
        0.38311129808425903,
        0.44429707527160645,
        0.3620445430278778,
        0.3330880403518677,
        0.43763524293899536,
        0.28690388798713684,
        0.3334066569805145,
        0.3184649646282196,
        0.3997935950756073,
        0.3340591788291931,
        0.46538686752319336,
        0.43857476115226746,
        0.5776323676109314,
        0.4607541263103485,
        0.33592644333839417,
        0.41974472999572754,
        0.5816688537597656,
        0.4711955487728119,
        0.37544193863868713,
        0.3553837537765503,
        0.4829455316066742,
        0.34901025891304016,
        0.3707816004753113,
        0.39437228441238403,
        0.34030041098594666,
        0.3333375155925751,
        0.3386562764644623,
        0.42147883772850037,
        0.3727521002292633,
        0.3590720593929291,
        0.33109045028686523
    ],
    "epoch": "49 / 50",
    "model": "./Saved_Models_Datasets/ocean/oceanGCNLSTM.pt",
    "mcfg": {
        "input_dim": 2,
        "hidden_dim": 64,
        "hidden_dim_2": 32,
        "output_dim": 2,
        "num_heads": 4,
        "gcn_dim": 64,
        "rel_dim": 32,
        "train_dim": 128,
        "model_type": "oceanGCNLSTM"
    },
    "dcfg": {
        "nodes": 100,
        "timesteps": 100,
        "groups": 4,
        "min_groups": 4,
        "mixed": false,
        "perlin_offset_amt": 0.75,
        "noise_scale": 0.75,
        "noise_strength": 0.2,
        "tilt_strength": 0.25,
        "std_dev": 1,
        "boundary": 3,
        "distance_threshold": 1,
        "hops": 2,
        "anchor_node_ratio": 0.2,
        "dir_path": "./Saved_Models_Datasets/ocean/",
        "dataset_name": "ocean_anchor_100t_100n_3b",
        "dataset_loader": "oceanDataset",
        "train_path": "./Saved_Models_Datasets/ocean/ocean_anchor_100t_100n_3b_train.pt",
        "val_path": "./Saved_Models_Datasets/ocean/ocean_anchor_100t_100n_3b_val.pt",
        "adj_path": "./Saved_Models_Datasets/ocean/ocean_anchor_100t_100n_3b_adj.pt",
        "pos_path": "./Saved_Models_Datasets/ocean/ocean_anchor_100t_100n_3b_pos.pt"
    },
    "tcfg": {
        "batch_size": 1,
        "epochs": 50,
        "samples": 100,
        "temp": 0.1,
        "learning_rate": 0.001,
        "model_name_pt": "oceanGCNLSTM.pt",
        "demo": false,
        "val_split": 0.2,
        "log_folder_path": "./Saved_Models_Datasets/training_logs/",
        "log_path": "./Saved_Models_Datasets/training_logs/training_stats_oceanGCNLSTM.pt.json",
        "model_save": "./Saved_Models_Datasets/ocean/oceanGCNLSTM.pt"
    }
}