{
    "tloss": [
        1.710492491722107,
        0.34985411167144775,
        0.31120118498802185,
        0.2524378001689911,
        0.2085179090499878,
        0.18185916543006897,
        0.16444480419158936,
        0.13453170657157898,
        0.11400590091943741,
        0.1090475544333458,
        0.10591387748718262,
        0.09884221851825714,
        0.08820199221372604,
        0.10555918514728546,
        0.09319361299276352,
        0.08785691857337952,
        0.08498672395944595,
        0.09531853348016739,
        0.08407161384820938,
        0.08167403191328049,
        0.08523999899625778,
        0.08403726667165756,
        0.08013103157281876,
        0.08127543330192566,
        0.07703269273042679,
        0.08351405709981918,
        0.08179911226034164,
        0.07962983846664429,
        0.08356888592243195,
        0.07517873495817184,
        0.07293050736188889,
        0.07019047439098358,
        0.07407088577747345,
        0.07357098162174225,
        0.07495569437742233,
        0.07255241274833679,
        0.06981220096349716,
        0.06845565885305405,
        0.06747251003980637,
        0.06846138089895248,
        0.06618531793355942,
        0.068817637860775,
        0.06853444129228592,
        0.06618800759315491,
        0.06890151649713516,
        0.06778880208730698,
        0.06886454671621323,
        0.06933365762233734,
        0.06696635484695435,
        0.06523637473583221
    ],
    "vloss": [
        0.40445590019226074,
        0.3975558876991272,
        0.2794390022754669,
        0.24344949424266815,
        0.24295465648174286,
        0.15096987783908844,
        0.12915891408920288,
        0.11221444606781006,
        0.11278929561376572,
        0.10896026343107224,
        0.09523165971040726,
        0.0917961597442627,
        0.09500911086797714,
        0.0963127538561821,
        0.08656337112188339,
        0.09668996185064316,
        0.07926560938358307,
        0.09057988971471786,
        0.08274326473474503,
        0.0761997327208519,
        0.07840351015329361,
        0.07129234075546265,
        0.07509557157754898,
        0.07936535775661469,
        0.07176089286804199,
        0.06946242600679398,
        0.08211322873830795,
        0.0718410313129425,
        0.0791434496641159,
        0.07451971620321274,
        0.08439139276742935,
        0.0750093087553978,
        0.06323175877332687,
        0.0681026428937912,
        0.06673629581928253,
        0.06898658722639084,
        0.06526438891887665,
        0.0699591115117073,
        0.0684456154704094,
        0.07505284994840622,
        0.06923438608646393,
        0.06605789810419083,
        0.06992002576589584,
        0.06124752387404442,
        0.06392582505941391,
        0.06709650903940201,
        0.07327060401439667,
        0.06515640020370483,
        0.08544270694255829,
        0.0638883113861084
    ],
    "tgloss": [
        1.8308006525039673,
        0.786698579788208,
        0.7295989990234375,
        0.6366390585899353,
        0.6301823854446411,
        0.5787028670310974,
        0.5390053391456604,
        0.508889377117157,
        0.45006677508354187,
        0.4736950993537903,
        0.4415934979915619,
        0.4466285705566406,
        0.44829612970352173,
        0.4390803277492523,
        0.4207015633583069,
        0.46012601256370544,
        0.4500403106212616,
        0.46443793177604675,
        0.4124065935611725,
        0.46573328971862793,
        0.5064431428909302,
        0.4484301209449768,
        0.45206761360168457,
        0.4690876007080078,
        0.457445353269577,
        0.4490562975406647,
        0.4832478165626526,
        0.49203988909721375,
        0.5058091878890991,
        0.5097200274467468,
        0.4520024359226227,
        0.46795350313186646,
        0.46981340646743774,
        0.4356365203857422,
        0.47606751322746277,
        0.428020715713501,
        0.4329368770122528,
        0.46291300654411316,
        0.4594724774360657,
        0.4545590579509735,
        0.4665437638759613,
        0.4561358094215393,
        0.4555988311767578,
        0.430344820022583,
        0.47171759605407715,
        0.45809054374694824,
        0.4547654092311859,
        0.4562791883945465,
        0.5050192475318909,
        0.4543714225292206
    ],
    "vgloss": [
        0.8432111740112305,
        0.7874685525894165,
        0.6972500681877136,
        0.6192724108695984,
        0.6417478919029236,
        0.5710369944572449,
        0.47966647148132324,
        0.42723679542541504,
        0.4979434907436371,
        0.437401682138443,
        0.44939786195755005,
        0.42831507325172424,
        0.4320143163204193,
        0.5413486957550049,
        0.5123330950737,
        0.5174887180328369,
        0.42464524507522583,
        0.4211793839931488,
        0.4952801764011383,
        0.44933971762657166,
        0.4474795460700989,
        0.42754846811294556,
        0.5204278230667114,
        0.45921167731285095,
        0.5433182120323181,
        0.4489690959453583,
        0.4168700873851776,
        0.475151389837265,
        0.4458034932613373,
        0.533156156539917,
        0.506454348564148,
        0.45038124918937683,
        0.4681580066680908,
        0.49191543459892273,
        0.4482751786708832,
        0.43518397212028503,
        0.5049254894256592,
        0.44605880975723267,
        0.48259401321411133,
        0.46447858214378357,
        0.40796026587486267,
        0.44065648317337036,
        0.4419597089290619,
        0.5240859389305115,
        0.46078333258628845,
        0.44591113924980164,
        0.4588249623775482,
        0.45568880438804626,
        0.4373514652252197,
        0.42329832911491394
    ],
    "epoch": "49 / 50",
    "model": "./Saved_Models_Datasets/ocean/oceanGCNAttention.pt",
    "mcfg": {
        "input_dim": 2,
        "hidden_dim": 64,
        "hidden_dim_2": 32,
        "output_dim": 2,
        "num_heads": 4,
        "gcn_dim": 64,
        "rel_dim": 32,
        "train_dim": 128,
        "model_type": "oceanGCNAttention"
    },
    "dcfg": {
        "nodes": 100,
        "timesteps": 100,
        "groups": 4,
        "min_groups": 4,
        "mixed": false,
        "perlin_offset_amt": 0.75,
        "noise_scale": 0.75,
        "noise_strength": 0.2,
        "tilt_strength": 0.25,
        "std_dev": 1,
        "boundary": 3,
        "distance_threshold": 1,
        "hops": 2,
        "anchor_node_ratio": 0.2,
        "dir_path": "./Saved_Models_Datasets/ocean/",
        "dataset_name": "ocean_anchor_100t_100n_3b",
        "dataset_loader": "oceanDataset",
        "train_path": "./Saved_Models_Datasets/ocean/ocean_anchor_100t_100n_3b_train.pt",
        "val_path": "./Saved_Models_Datasets/ocean/ocean_anchor_100t_100n_3b_val.pt",
        "adj_path": "./Saved_Models_Datasets/ocean/ocean_anchor_100t_100n_3b_adj.pt",
        "pos_path": "./Saved_Models_Datasets/ocean/ocean_anchor_100t_100n_3b_pos.pt"
    },
    "tcfg": {
        "batch_size": 1,
        "epochs": 50,
        "samples": 100,
        "temp": 0.1,
        "learning_rate": 0.001,
        "model_name_pt": "oceanGCNAttention.pt",
        "demo": false,
        "val_split": 0.2,
        "log_folder_path": "./Saved_Models_Datasets/training_logs/",
        "log_path": "./Saved_Models_Datasets/training_logs/training_stats_oceanGCNAttention.json",
        "model_save": "./Saved_Models_Datasets/ocean/oceanGCNAttention.pt"
    }
}