{
    "tloss": [
        3.6604390144348145,
        2.2167108058929443,
        0.9638767242431641,
        0.7175108194351196,
        0.6754322648048401,
        0.5606988668441772,
        0.51236891746521,
        0.47419506311416626,
        0.4362819194793701,
        0.41955000162124634,
        0.39934074878692627,
        0.3661271929740906,
        0.3504313826560974,
        0.3207457959651947,
        0.3039836883544922,
        0.28488096594810486,
        0.2808217406272888,
        0.27294811606407166,
        0.26237013936042786,
        0.25797367095947266,
        0.25437501072883606,
        0.23951248824596405,
        0.2405819147825241,
        0.2290484458208084,
        0.23159871995449066,
        0.22702644765377045,
        0.22288291156291962,
        0.21928422152996063,
        0.21426235139369965,
        0.21577325463294983,
        0.2138376533985138,
        0.20420673489570618,
        0.198906809091568,
        0.20291368663311005,
        0.2061004936695099,
        0.19696198403835297,
        0.1987263262271881,
        0.19304883480072021,
        0.1921265572309494,
        0.1979479193687439,
        0.18890221416950226,
        0.1940663456916809,
        0.1817796677350998,
        0.17952145636081696,
        0.1797935515642166,
        0.17847543954849243,
        0.1782795637845993,
        0.17741386592388153,
        0.17397984862327576,
        0.17736004292964935
    ],
    "vloss": [
        3.6622300148010254,
        1.1927696466445923,
        0.8105573058128357,
        0.7082415223121643,
        0.6246828436851501,
        0.5391135811805725,
        0.47190237045288086,
        0.4559067189693451,
        0.42892494797706604,
        0.3929503858089447,
        0.36952489614486694,
        0.36527836322784424,
        0.323566734790802,
        0.3062379062175751,
        0.2906964421272278,
        0.2760661542415619,
        0.26556363701820374,
        0.2629924714565277,
        0.24847190082073212,
        0.26094549894332886,
        0.23529694974422455,
        0.23458777368068695,
        0.23564667999744415,
        0.22165806591510773,
        0.2214946746826172,
        0.21478986740112305,
        0.2237299233675003,
        0.2196112871170044,
        0.2577449083328247,
        0.2216738760471344,
        0.20673012733459473,
        0.20407851040363312,
        0.19919098913669586,
        0.20099353790283203,
        0.19071553647518158,
        0.19144414365291595,
        0.19479478895664215,
        0.1905984729528427,
        0.18174396455287933,
        0.18806856870651245,
        0.18955056369304657,
        0.1929273158311844,
        0.17724184691905975,
        0.18138234317302704,
        0.18322132527828217,
        0.17968013882637024,
        0.18269743025302887,
        0.17557530105113983,
        0.16566939651966095,
        0.1803358942270279
    ],
    "tgloss": [
        3.407184362411499,
        2.265045642852783,
        1.1762845516204834,
        0.9263837933540344,
        0.921908974647522,
        0.7719029784202576,
        0.7173219323158264,
        0.6961220502853394,
        0.6731178164482117,
        0.6744658350944519,
        0.6486427783966064,
        0.612097442150116,
        0.624295175075531,
        0.5504123568534851,
        0.5074447393417358,
        0.5391912460327148,
        0.5234374403953552,
        0.539374828338623,
        0.5264487266540527,
        0.5024689435958862,
        0.4945642054080963,
        0.4575495421886444,
        0.48369455337524414,
        0.4669608771800995,
        0.4665106236934662,
        0.48878923058509827,
        0.49359312653541565,
        0.492289274930954,
        0.450013130903244,
        0.46735501289367676,
        0.4471932053565979,
        0.47319719195365906,
        0.44185206294059753,
        0.4532841145992279,
        0.4584265649318695,
        0.4770019054412842,
        0.4526008665561676,
        0.47418975830078125,
        0.461245596408844,
        0.45182791352272034,
        0.4467277526855469,
        0.4710629880428314,
        0.43943482637405396,
        0.45411577820777893,
        0.44505149126052856,
        0.4830293655395508,
        0.4444305896759033,
        0.44449448585510254,
        0.4279040992259979,
        0.44686779379844666
    ],
    "vgloss": [
        3.3860623836517334,
        1.3329740762710571,
        1.036841869354248,
        0.8407986760139465,
        0.8022797703742981,
        0.7381443381309509,
        0.7223817706108093,
        0.6937631964683533,
        0.6906442046165466,
        0.6232900023460388,
        0.5972041487693787,
        0.5897790193557739,
        0.6130756735801697,
        0.5792383551597595,
        0.5237091183662415,
        0.5488075017929077,
        0.43529626727104187,
        0.5431923866271973,
        0.48376813530921936,
        0.4529060423374176,
        0.40985107421875,
        0.4666689336299896,
        0.45737600326538086,
        0.4313184916973114,
        0.5414277911186218,
        0.4569582939147949,
        0.44171562790870667,
        0.49337640404701233,
        0.5564819574356079,
        0.46488505601882935,
        0.4099453389644623,
        0.489903062582016,
        0.4346064031124115,
        0.4306409955024719,
        0.42691484093666077,
        0.42403802275657654,
        0.5732197165489197,
        0.4670763909816742,
        0.4158392548561096,
        0.4693370759487152,
        0.40585121512413025,
        0.4659704267978668,
        0.3934117257595062,
        0.44737932085990906,
        0.4554509222507477,
        0.4447863698005676,
        0.46794381737709045,
        0.4049074351787567,
        0.4622851014137268,
        0.41109415888786316
    ],
    "epoch": "49 / 50",
    "model": "./Saved_Models_Datasets/ocean/oceanGCNAttention.pt",
    "mcfg": {
        "input_dim": 2,
        "hidden_dim": 64,
        "hidden_dim_2": 32,
        "output_dim": 2,
        "num_heads": 4,
        "gcn_dim": 64,
        "rel_dim": 32,
        "train_dim": 128,
        "model_type": "oceanGCNAttention"
    },
    "dcfg": {
        "nodes": 100,
        "timesteps": 100,
        "groups": 4,
        "min_groups": 4,
        "mixed": false,
        "perlin_offset_amt": 0.75,
        "noise_scale": 0.75,
        "noise_strength": 0.2,
        "tilt_strength": 0.25,
        "std_dev": 1,
        "boundary": 3,
        "distance_threshold": 1,
        "hops": 2,
        "anchor_node_ratio": 0.2,
        "dir_path": "./Saved_Models_Datasets/ocean/",
        "dataset_name": "ocean_anchor_100t_100n_3b",
        "dataset_loader": "oceanDataset",
        "train_path": "./Saved_Models_Datasets/ocean/ocean_anchor_100t_100n_3b_train.pt",
        "val_path": "./Saved_Models_Datasets/ocean/ocean_anchor_100t_100n_3b_val.pt",
        "adj_path": "./Saved_Models_Datasets/ocean/ocean_anchor_100t_100n_3b_adj.pt",
        "pos_path": "./Saved_Models_Datasets/ocean/ocean_anchor_100t_100n_3b_pos.pt"
    },
    "tcfg": {
        "batch_size": 1,
        "epochs": 50,
        "samples": 100,
        "temp": 0.1,
        "learning_rate": 0.001,
        "model_name_pt": "oceanGCNAttention.pt",
        "demo": false,
        "val_split": 0.2,
        "log_folder_path": "./Saved_Models_Datasets/training_logs/",
        "log_path": "./Saved_Models_Datasets/training_logs/training_stats_oceanGCNAttention.pt.json",
        "model_save": "./Saved_Models_Datasets/ocean/oceanGCNAttention.pt"
    }
}